"Atm";"ProcessDate";"Withdrawal"
"ATM6";"2017-01-01";1400
"ATM6";"2017-01-02";31120
"ATM6";"2017-01-03";41870
"ATM6";"2017-01-04";37180
"ATM6";"2017-01-05";40280
"ATM6";"2017-01-06";4030
"ATM6";"2017-01-07";34020
"ATM6";"2017-01-08";25500
"ATM6";"2017-01-09";44580
"ATM6";"2017-01-10";40080
"ATM6";"2017-01-11";40650
"ATM6";"2017-01-12";41680
"ATM6";"2017-01-13";30680
"ATM6";"2017-01-14";28170
"ATM6";"2017-01-15";3950
"ATM6";"2017-01-16";30900
"ATM6";"2017-01-17";21810
"ATM6";"2017-01-18";27540
"ATM6";"2017-01-19";21410
"ATM6";"2017-01-20";38910
"ATM6";"2017-01-21";16670
"ATM6";"2017-01-22";10100
"ATM6";"2017-01-23";40790
"ATM6";"2017-01-24";24100
"ATM6";"2017-01-25";29920
"ATM6";"2017-01-26";28310
"ATM6";"2017-01-27";46030
"ATM6";"2017-01-28";38780
"ATM6";"2017-01-29";6580
"ATM6";"2017-01-30";38740
"ATM6";"2017-01-31";32990
"ATM6";"2017-02-01";44590
"ATM6";"2017-02-02";27760
"ATM6";"2017-02-03";44520
"ATM6";"2017-02-04";33650
"ATM6";"2017-02-05";10900
"ATM6";"2017-02-06";28050
"ATM6";"2017-02-07";33370
"ATM6";"2017-02-08";31180
"ATM6";"2017-02-09";30430
"ATM6";"2017-02-10";62230
"ATM6";"2017-02-11";35390
"ATM6";"2017-02-12";4420
"ATM6";"2017-02-13";46550
"ATM6";"2017-02-14";27290
"ATM6";"2017-02-15";26410
"ATM6";"2017-02-16";27970
"ATM6";"2017-02-17";33580
"ATM6";"2017-02-18";26870
"ATM6";"2017-02-19";7530
"ATM6";"2017-02-20";18630
"ATM6";"2017-02-21";20290
"ATM6";"2017-02-22";13080
"ATM6";"2017-02-23";48550
"ATM6";"2017-02-24";46550
"ATM6";"2017-02-25";33430
"ATM6";"2017-02-26";3900
"ATM6";"2017-02-27";38560
"ATM6";"2017-02-28";62190
"ATM6";"2017-03-01";43450
"ATM6";"2017-03-02";31080
"ATM6";"2017-03-03";49410
"ATM6";"2017-03-04";24540
"ATM6";"2017-03-05";10470
"ATM6";"2017-03-06";38560
"ATM6";"2017-03-07";35420
"ATM6";"2017-03-08";33650
"ATM6";"2017-03-09";33790
"ATM6";"2017-03-10";64040
"ATM6";"2017-03-11";30480
"ATM6";"2017-03-12";17420
"ATM6";"2017-03-13";37290
"ATM6";"2017-03-14";26070
"ATM6";"2017-03-15";37750
"ATM6";"2017-03-16";30530
"ATM6";"2017-03-17";34180
"ATM6";"2017-03-18";22940
"ATM6";"2017-03-19";8650
"ATM6";"2017-03-20";31360
"ATM6";"2017-03-21";22530
"ATM6";"2017-03-22";29170
"ATM6";"2017-03-23";18170
"ATM6";"2017-03-24";30830
"ATM6";"2017-03-25";26080
"ATM6";"2017-03-26";7710
"ATM6";"2017-03-27";39440
"ATM6";"2017-03-28";33990
"ATM6";"2017-03-29";48780
"ATM6";"2017-03-30";32850
"ATM6";"2017-03-31";60280
"ATM6";"2017-04-01";29480
"ATM6";"2017-04-02";5310
"ATM6";"2017-04-03";51330
"ATM6";"2017-04-04";39250
"ATM6";"2017-04-05";39340
"ATM6";"2017-04-06";37130
"ATM6";"2017-04-07";43900
"ATM6";"2017-04-08";33900
"ATM6";"2017-04-09";12080
"ATM6";"2017-04-10";67130
"ATM6";"2017-04-11";42100
"ATM6";"2017-04-12";45920
"ATM6";"2017-04-13";55030
"ATM6";"2017-04-14";65170
"ATM6";"2017-04-15";28870
"ATM6";"2017-04-16";2900
"ATM6";"2017-04-17";3650
"ATM6";"2017-04-18";25120
"ATM6";"2017-04-19";28870
"ATM6";"2017-04-20";40170
"ATM6";"2017-04-21";29230
"ATM6";"2017-04-22";41630
"ATM6";"2017-04-23";5840
"ATM6";"2017-04-24";30740
"ATM6";"2017-04-25";25270
"ATM6";"2017-04-26";32050
"ATM6";"2017-04-27";27590
"ATM6";"2017-04-28";55530
"ATM6";"2017-04-29";46010
"ATM6";"2017-04-30";7380
"ATM6";"2017-05-01";3800
"ATM6";"2017-05-02";28900
"ATM6";"2017-05-03";8830
"ATM6";"2017-05-04";63920
"ATM6";"2017-05-05";39800
"ATM6";"2017-05-06";43190
"ATM6";"2017-05-07";11630
"ATM6";"2017-05-08";45300
"ATM6";"2017-05-09";36480
"ATM6";"2017-05-10";65360
"ATM6";"2017-05-11";36580
"ATM6";"2017-05-12";73480
"ATM6";"2017-05-13";60940
"ATM6";"2017-05-14";16770
"ATM6";"2017-05-15";12580
"ATM6";"2017-05-16";38860
"ATM6";"2017-05-17";39540
"ATM6";"2017-05-18";35140
"ATM6";"2017-05-19";41190
"ATM6";"2017-05-20";38140
"ATM6";"2017-05-21";7910
"ATM6";"2017-05-22";32120
"ATM6";"2017-05-23";28010
"ATM6";"2017-05-24";23380
"ATM6";"2017-05-25";24900
"ATM6";"2017-05-26";47490
"ATM6";"2017-05-27";31760
"ATM6";"2017-05-28";7520
"ATM6";"2017-05-29";42900
"ATM6";"2017-05-30";51130
"ATM6";"2017-05-31";51910
"ATM6";"2017-06-01";33970
"ATM6";"2017-06-02";49220
"ATM6";"2017-06-03";35830
"ATM6";"2017-06-04";7180
"ATM6";"2017-06-05";38880
"ATM6";"2017-06-06";28860
"ATM6";"2017-06-07";32540
"ATM6";"2017-06-08";33520
"ATM6";"2017-06-09";45620
"ATM6";"2017-06-10";47620
"ATM6";"2017-06-11";18980
"ATM6";"2017-06-12";46250
"ATM6";"2017-06-13";34790
"ATM6";"2017-06-14";45060
"ATM6";"2017-06-15";5860
"ATM6";"2017-06-16";27970
"ATM6";"2017-06-17";31300
"ATM6";"2017-06-18";7320
"ATM6";"2017-06-19";56130
"ATM6";"2017-06-20";37980
"ATM6";"2017-06-21";14340
"ATM6";"2017-06-22";34870
"ATM6";"2017-06-23";40490
"ATM6";"2017-06-24";27640
"ATM6";"2017-06-25";3560
"ATM6";"2017-06-26";33570
"ATM6";"2017-06-27";32920
"ATM6";"2017-06-28";57410
"ATM6";"2017-06-29";22290
"ATM6";"2017-06-30";55970
"ATM6";"2017-07-01";43380
"ATM6";"2017-07-02";10290
"ATM6";"2017-07-03";67510
"ATM6";"2017-07-04";56390
"ATM6";"2017-07-05";25080
"ATM6";"2017-07-06";39670
"ATM6";"2017-07-07";48140
"ATM6";"2017-07-08";38690
"ATM6";"2017-07-09";7800
"ATM6";"2017-07-10";53460
"ATM6";"2017-07-11";34730
"ATM6";"2017-07-12";33250
"ATM6";"2017-07-13";35370
"ATM6";"2017-07-14";36970
"ATM6";"2017-07-15";33760
"ATM6";"2017-07-16";6380
"ATM6";"2017-07-17";33350
"ATM6";"2017-07-18";38690
"ATM6";"2017-07-19";35070
"ATM6";"2017-07-20";35070
"ATM6";"2017-07-21";32280
"ATM6";"2017-07-22";27660
"ATM6";"2017-07-23";7280
"ATM6";"2017-07-24";24710
"ATM6";"2017-07-25";25790
"ATM6";"2017-07-26";38280
"ATM6";"2017-07-27";48550
"ATM6";"2017-07-28";45370
"ATM6";"2017-07-29";49390
"ATM6";"2017-07-30";28420
"ATM6";"2017-07-31";36660
"ATM6";"2017-08-01";55770
"ATM6";"2017-08-02";52070
"ATM6";"2017-08-03";54970
"ATM6";"2017-08-04";22350
"ATM6";"2017-08-05";32150
"ATM6";"2017-08-06";7210
"ATM6";"2017-08-07";38580
"ATM6";"2017-08-08";40050
"ATM6";"2017-08-09";36920
"ATM6";"2017-08-10";50190
"ATM6";"2017-08-11";40350
"ATM6";"2017-08-12";32190
"ATM6";"2017-08-13";10000
"ATM6";"2017-08-14";41970
"ATM6";"2017-08-15";5470
"ATM6";"2017-08-16";41840
"ATM6";"2017-08-17";51400
"ATM6";"2017-08-18";58440
"ATM6";"2017-08-19";36100
"ATM6";"2017-08-20";6030
"ATM6";"2017-08-21";38160
"ATM6";"2017-08-22";33900
"ATM6";"2017-08-23";23060
"ATM6";"2017-08-24";37090
"ATM6";"2017-08-25";49000
"ATM6";"2017-08-26";36070
"ATM6";"2017-08-27";9210
"ATM6";"2017-08-28";31600
"ATM6";"2017-08-29";34660
"ATM6";"2017-08-30";30380
"ATM6";"2017-08-31";51020
"ATM6";"2017-09-01";57900
"ATM6";"2017-09-02";44080
"ATM6";"2017-09-03";7780
"ATM6";"2017-09-04";43780
"ATM6";"2017-09-05";41240
"ATM6";"2017-09-06";48510
"ATM6";"2017-09-07";49620
"ATM6";"2017-09-08";56480
"ATM6";"2017-09-09";40100
"ATM6";"2017-09-10";10800
"ATM6";"2017-09-11";47170
"ATM6";"2017-09-12";20130
"ATM6";"2017-09-13";34670
"ATM6";"2017-09-14";34630
"ATM6";"2017-09-15";47370
"ATM6";"2017-09-16";27800
"ATM6";"2017-09-17";5830
"ATM6";"2017-09-18";25850
"ATM6";"2017-09-19";30270
"ATM6";"2017-09-20";22040
"ATM6";"2017-09-21";19300
"ATM6";"2017-09-22";30460
"ATM6";"2017-09-23";26530
"ATM6";"2017-09-24";2680
"ATM6";"2017-09-25";36960
"ATM6";"2017-09-26";42000
"ATM6";"2017-09-27";42250
"ATM6";"2017-09-28";63380
"ATM6";"2017-09-29";52660
"ATM6";"2017-09-30";46720
"ATM6";"2017-10-01";9990
"ATM6";"2017-10-02";55390
"ATM6";"2017-10-03";46030
"ATM6";"2017-10-04";31740
"ATM6";"2017-10-05";33800
"ATM6";"2017-10-06";32850
"ATM6";"2017-10-07";33140
"ATM6";"2017-10-08";6120
"ATM6";"2017-10-09";36490
"ATM6";"2017-10-10";64120
"ATM6";"2017-10-11";32130
"ATM6";"2017-10-12";46690
"ATM6";"2017-10-13";43070
"ATM6";"2017-10-14";38700
"ATM6";"2017-10-15";9030
"ATM6";"2017-10-16";36130
"ATM6";"2017-10-17";24280
"ATM6";"2017-10-18";19070
"ATM6";"2017-10-19";38800
"ATM6";"2017-10-20";42850
"ATM6";"2017-10-21";34090
"ATM6";"2017-10-22";23630
"ATM6";"2017-10-23";36450
"ATM6";"2017-10-24";28760
"ATM6";"2017-10-25";34500
"ATM6";"2017-10-26";51180
"ATM6";"2017-10-27";43890
"ATM6";"2017-10-28";32630
"ATM6";"2017-10-29";10730
"ATM6";"2017-10-30";36570
"ATM6";"2017-10-31";53740
"ATM6";"2017-11-01";5890
"ATM6";"2017-11-02";47940
"ATM6";"2017-11-03";47300
"ATM6";"2017-11-04";43750
"ATM6";"2017-11-05";22950
"ATM6";"2017-11-06";45700
"ATM6";"2017-11-07";37350
"ATM6";"2017-11-08";36920
"ATM6";"2017-11-09";40800
"ATM6";"2017-11-10";69800
"ATM6";"2017-11-11";40380
"ATM6";"2017-11-12";18560
"ATM6";"2017-11-13";30300
"ATM6";"2017-11-14";34390
"ATM6";"2017-11-15";33230
"ATM6";"2017-11-16";34700
"ATM6";"2017-11-17";36220
"ATM6";"2017-11-18";29810
"ATM6";"2017-11-19";8610
"ATM6";"2017-11-20";36440
"ATM6";"2017-11-21";35490
"ATM6";"2017-11-22";17430
"ATM6";"2017-11-23";24920
"ATM6";"2017-11-24";34630
"ATM6";"2017-11-25";26580
"ATM6";"2017-11-26";9490
"ATM6";"2017-11-27";32360
"ATM6";"2017-11-28";35600
"ATM6";"2017-11-29";40000
"ATM6";"2017-11-30";41690
"ATM6";"2017-12-01";72310
"ATM6";"2017-12-02";35770
"ATM6";"2017-12-03";7130
"ATM6";"2017-12-04";44720
"ATM6";"2017-12-05";42650
"ATM6";"2017-12-06";30950
"ATM6";"2017-12-07";29740
"ATM6";"2017-12-08";46330
"ATM6";"2017-12-09";33790
"ATM6";"2017-12-10";12810
"ATM6";"2017-12-11";36810
"ATM6";"2017-12-12";25020
"ATM6";"2017-12-13";37540
"ATM6";"2017-12-14";28820
"ATM6";"2017-12-15";41130
"ATM6";"2017-12-16";36070
"ATM6";"2017-12-18";6740
"ATM6";"2017-12-19";37020
"ATM6";"2017-12-20";50550
"ATM6";"2017-12-21";52610
"ATM6";"2017-12-22";48430
"ATM6";"2017-12-23";40060
"ATM6";"2017-12-24";7630
"ATM6";"2017-12-25";4290
"ATM6";"2017-12-26";2140
"ATM6";"2017-12-27";19910
"ATM6";"2017-12-28";29550
"ATM6";"2017-12-29";29300
"ATM6";"2017-12-30";43830
"ATM6";"2017-12-31";9460
"ATM6";"2018-01-02";33670
"ATM6";"2018-01-03";31500
"ATM6";"2018-01-04";25380
"ATM6";"2018-01-05";41630
"ATM6";"2018-01-06";10100
"ATM6";"2018-01-07";6560
"ATM6";"2018-01-08";33680
"ATM6";"2018-01-09";37450
"ATM6";"2018-01-10";43820
"ATM6";"2018-01-11";44950
"ATM6";"2018-01-12";30200
"ATM6";"2018-01-13";32350
"ATM6";"2018-01-14";11230
"ATM6";"2018-01-15";28280
"ATM6";"2018-01-16";30620
"ATM6";"2018-01-17";23520
"ATM6";"2018-01-18";24140
"ATM6";"2018-01-19";31590
"ATM6";"2018-01-20";24870
"ATM6";"2018-01-21";17540
"ATM6";"2018-01-22";25680
"ATM6";"2018-01-23";19110
"ATM6";"2018-01-24";26100
"ATM6";"2018-01-25";22860
"ATM6";"2018-01-26";30270
"ATM6";"2018-01-27";42410
"ATM6";"2018-01-28";5360
"ATM6";"2018-01-29";38190
"ATM6";"2018-01-30";37800
"ATM6";"2018-01-31";37070
"ATM6";"2018-02-01";44530
"ATM6";"2018-02-02";62700
"ATM6";"2018-02-03";34640
"ATM6";"2018-02-04";5450
"ATM6";"2018-02-05";22260
"ATM6";"2018-02-06";25510
"ATM6";"2018-02-07";19860
"ATM6";"2018-02-08";36700
"ATM6";"2018-02-09";53520
"ATM6";"2018-02-10";34490
"ATM6";"2018-02-11";3960
"ATM6";"2018-02-12";44060
"ATM6";"2018-02-13";39790
"ATM6";"2018-02-14";24350
"ATM6";"2018-02-15";29050
"ATM6";"2018-02-16";34740
"ATM6";"2018-02-17";26950
"ATM6";"2018-02-18";7590
"ATM6";"2018-02-19";42660
"ATM6";"2018-02-20";32330
"ATM6";"2018-02-21";26670
"ATM6";"2018-02-22";26650
"ATM6";"2018-02-23";31480
"ATM6";"2018-02-24";22870
"ATM6";"2018-02-25";5310
"ATM6";"2018-02-26";28230
"ATM6";"2018-02-27";34400
"ATM6";"2018-02-28";46190
"ATM6";"2018-03-01";53410
"ATM6";"2018-03-02";31770
"ATM6";"2018-03-03";32020
"ATM6";"2018-03-04";5910
"ATM6";"2018-03-05";38000
"ATM6";"2018-03-06";25730
"ATM6";"2018-03-07";32280
"ATM6";"2018-03-08";34980
"ATM6";"2018-03-09";57880
"ATM6";"2018-03-10";36790
"ATM6";"2018-03-11";9390
"ATM6";"2018-03-12";43320
"ATM6";"2018-03-13";40140
"ATM6";"2018-03-14";25110
"ATM6";"2018-03-15";36130
"ATM6";"2018-03-16";44270
"ATM6";"2018-03-17";26230
"ATM6";"2018-03-18";8920
"ATM6";"2018-03-19";21620
"ATM6";"2018-03-20";26040
"ATM6";"2018-03-21";34600
"ATM6";"2018-03-22";31870
"ATM6";"2018-03-23";40550
"ATM6";"2018-03-24";31640
"ATM6";"2018-03-25";11330
"ATM6";"2018-03-26";39050
"ATM6";"2018-03-27";39090
"ATM6";"2018-03-28";48390
"ATM6";"2018-03-29";47880
"ATM6";"2018-03-30";69290
"ATM6";"2018-03-31";26110
"ATM6";"2018-04-01";3750
"ATM6";"2018-04-02";4730
"ATM6";"2018-04-03";35290
"ATM6";"2018-04-04";51150
"ATM6";"2018-04-05";36310
"ATM6";"2018-04-06";34240
"ATM6";"2018-04-07";44320
"ATM6";"2018-04-08";6600
"ATM6";"2018-04-09";43690
"ATM6";"2018-04-10";54290
"ATM6";"2018-04-11";47080
"ATM6";"2018-04-12";30800
"ATM6";"2018-04-13";34900
"ATM6";"2018-04-14";37800
"ATM6";"2018-04-15";7410
"ATM6";"2018-04-16";40190
"ATM6";"2018-04-17";34650
"ATM6";"2018-04-18";36090
"ATM6";"2018-04-19";33500
"ATM6";"2018-04-20";27030
"ATM6";"2018-04-21";43080
"ATM6";"2018-04-22";9370
"ATM6";"2018-04-23";41300
"ATM6";"2018-04-24";33500
"ATM6";"2018-04-25";40060
"ATM6";"2018-04-26";62790
"ATM6";"2018-04-27";72700
"ATM6";"2018-04-28";39260
"ATM6";"2018-04-29";5250
"ATM6";"2018-04-30";43130
"ATM6";"2018-05-01";5530
"ATM6";"2018-05-02";39690
"ATM6";"2018-05-03";6550
"ATM6";"2018-05-04";52760
"ATM6";"2018-05-05";30950
"ATM6";"2018-05-06";8470
"ATM6";"2018-05-07";44220
"ATM6";"2018-05-08";35570
"ATM6";"2018-05-09";36910
"ATM6";"2018-05-10";44220
"ATM6";"2018-05-11";72100
"ATM6";"2018-05-12";51210
"ATM6";"2018-05-13";18430
"ATM6";"2018-05-14";40160
"ATM6";"2018-05-15";24920
"ATM6";"2018-05-16";26000
"ATM6";"2018-05-17";29850
"ATM6";"2018-05-18";46880
"ATM6";"2018-05-19";38440
"ATM6";"2018-05-20";4900
"ATM6";"2018-05-21";27990
"ATM6";"2018-05-22";30870
"ATM6";"2018-05-23";32240
"ATM6";"2018-05-24";28480
"ATM6";"2018-05-25";30960
"ATM6";"2018-05-26";43040
"ATM6";"2018-05-27";7840
"ATM6";"2018-05-28";34710
"ATM6";"2018-05-29";58110
"ATM6";"2018-05-30";72290
"ATM6";"2018-05-31";15280
"ATM6";"2018-06-01";47610
"ATM6";"2018-06-02";31730
"ATM6";"2018-06-03";5990
"ATM6";"2018-06-04";40550
"ATM6";"2018-06-05";34780
"ATM6";"2018-06-06";34890
"ATM6";"2018-06-07";33680
"ATM6";"2018-06-08";55730
"ATM6";"2018-06-09";30850
"ATM6";"2018-06-10";8760
"ATM6";"2018-06-11";43370
"ATM6";"2018-06-12";34490
"ATM6";"2018-06-13";38760
"ATM6";"2018-06-14";37300
"ATM6";"2018-06-15";46420
"ATM6";"2018-06-16";34110
"ATM6";"2018-06-17";12110
"ATM6";"2018-06-18";24860
"ATM6";"2018-06-19";24350
"ATM6";"2018-06-20";22390
"ATM6";"2018-06-21";27770
"ATM6";"2018-06-22";38690
"ATM6";"2018-06-23";38430
"ATM6";"2018-06-24";2220
"ATM6";"2018-06-25";28180
"ATM6";"2018-06-26";24210
"ATM6";"2018-06-27";39570
"ATM6";"2018-06-28";32980
"ATM6";"2018-06-29";42650
"ATM6";"2018-06-30";33770
"ATM6";"2018-07-01";10020
"ATM6";"2018-07-02";41710
"ATM6";"2018-07-03";43060
"ATM6";"2018-07-04";20100
"ATM6";"2018-07-05";39530
"ATM6";"2018-07-06";45760
"ATM6";"2018-07-07";38500
"ATM6";"2018-07-08";9530
"ATM6";"2018-07-09";41050
"ATM6";"2018-07-10";33510
"ATM6";"2018-07-11";35830
"ATM6";"2018-07-12";42550
"ATM6";"2018-07-13";36710
"ATM6";"2018-07-14";30320
"ATM6";"2018-07-15";3860
"ATM6";"2018-07-16";31590
"ATM6";"2018-07-17";25540
"ATM6";"2018-07-18";31750
"ATM6";"2018-07-19";28220
"ATM6";"2018-07-20";36980
"ATM6";"2018-07-21";31540
"ATM6";"2018-07-22";6600
"ATM6";"2018-07-23";14620
"ATM6";"2018-07-24";22350
"ATM6";"2018-07-25";38540
"ATM6";"2018-07-26";40150
"ATM6";"2018-07-27";42490
"ATM6";"2018-07-28";35700
"ATM6";"2018-07-29";4800
"ATM6";"2018-07-30";37030
"ATM6";"2018-07-31";29690
"ATM6";"2018-08-01";28290
"ATM6";"2018-08-02";33690
"ATM6";"2018-08-03";38920
"ATM6";"2018-08-04";33190
"ATM6";"2018-08-05";6560
"ATM6";"2018-08-06";31980
"ATM6";"2018-08-07";24090
"ATM6";"2018-08-08";24770
"ATM6";"2018-08-09";40180
"ATM6";"2018-08-10";35430
"ATM6";"2018-08-11";45700
"ATM6";"2018-08-12";30660
"ATM6";"2018-08-13";56990
"ATM6";"2018-08-14";68390
"ATM6";"2018-08-15";18930
"ATM6";"2018-08-16";32360
"ATM6";"2018-08-17";27570
"ATM6";"2018-08-18";42120
"ATM6";"2018-08-19";22370
"ATM6";"2018-08-20";32420
"ATM6";"2018-08-21";35580
"ATM6";"2018-08-22";29040
"ATM6";"2018-08-23";28450
"ATM6";"2018-08-24";27520
"ATM6";"2018-08-25";28690
"ATM6";"2018-08-26";4900
"ATM6";"2018-08-27";20900
"ATM6";"2018-08-28";33400
"ATM6";"2018-08-29";35000
"ATM6";"2018-08-30";33680
"ATM6";"2018-08-31";45770
"ATM6";"2018-09-01";41710
"ATM6";"2018-09-02";9340
"ATM6";"2018-09-03";51730
"ATM6";"2018-09-04";36610
"ATM6";"2018-09-05";31320
"ATM6";"2018-09-06";33440
"ATM6";"2018-09-07";49590
"ATM6";"2018-09-08";36350
"ATM6";"2018-09-09";4320
"ATM6";"2018-09-10";44550
"ATM6";"2018-09-11";31950
"ATM6";"2018-09-12";40530
"ATM6";"2018-09-13";28420
"ATM6";"2018-09-14";36720
"ATM6";"2018-09-15";36770
"ATM6";"2018-09-16";9070
"ATM6";"2018-09-17";30540
"ATM6";"2018-09-18";30870
"ATM6";"2018-09-19";40000
"ATM6";"2018-09-20";43310
"ATM6";"2018-09-21";27930
"ATM6";"2018-09-22";34830
"ATM6";"2018-09-23";6950
"ATM6";"2018-09-24";21530
"ATM6";"2018-09-25";27820
"ATM6";"2018-09-26";28450
"ATM6";"2018-09-27";49780
"ATM6";"2018-09-28";57230
"ATM6";"2018-09-29";35230
"ATM6";"2018-09-30";7480
"ATM6";"2018-10-01";38970
"ATM6";"2018-10-02";41100
"ATM6";"2018-10-03";27860
"ATM6";"2018-10-04";24900
"ATM6";"2018-10-05";46200
"ATM6";"2018-10-06";45490
"ATM6";"2018-10-07";18430
"ATM6";"2018-10-08";30810
"ATM6";"2018-10-09";41980
"ATM6";"2018-10-10";34370
"ATM6";"2018-10-11";38290
"ATM6";"2018-10-12";47730
"ATM6";"2018-10-13";42830
"ATM6";"2018-10-14";11500
"ATM6";"2018-10-15";37250
"ATM6";"2018-10-16";17460
"ATM6";"2018-10-17";31890
"ATM6";"2018-10-18";30510
"ATM6";"2018-10-19";39390
"ATM6";"2018-10-20";30550
"ATM6";"2018-10-21";9820
"ATM6";"2018-10-22";23160
"ATM6";"2018-10-23";20260
"ATM6";"2018-10-24";25750
"ATM6";"2018-10-25";39100
"ATM6";"2018-10-26";28330
"ATM6";"2018-10-27";40260
"ATM6";"2018-10-28";10370
"ATM6";"2018-10-29";46330
"ATM6";"2018-10-30";53330
"ATM6";"2018-10-31";40280
"ATM6";"2018-11-01";7110
"ATM6";"2018-11-02";45860
"ATM6";"2018-11-03";54470
"ATM6";"2018-11-04";25960
"ATM6";"2018-11-05";45580
"ATM6";"2018-11-06";38000
"ATM6";"2018-11-07";35830
"ATM6";"2018-11-08";50100
"ATM6";"2018-11-09";60180
"ATM6";"2018-11-10";54280
"ATM6";"2018-11-11";7420
"ATM6";"2018-11-12";17280
"ATM6";"2018-11-13";57770
"ATM6";"2018-11-14";51710
"ATM6";"2018-11-15";50370
"ATM6";"2018-11-16";58840
"ATM6";"2018-11-17";36300
"ATM6";"2018-11-18";23100
"ATM6";"2018-11-19";32690
"ATM6";"2018-11-20";41750
"ATM6";"2018-11-21";35440
"ATM6";"2018-11-22";34320
"ATM6";"2018-11-23";32600
"ATM6";"2018-11-24";32980
"ATM6";"2018-11-25";5810
"ATM6";"2018-11-26";25210
"ATM6";"2018-11-27";41810
"ATM6";"2018-11-28";34080
"ATM6";"2018-11-29";39680
"ATM6";"2018-11-30";49640
"ATM6";"2018-12-01";38050
"ATM6";"2018-12-02";27830
"ATM6";"2018-12-03";49650
"ATM6";"2018-12-04";44200
"ATM6";"2018-12-05";36580
"ATM6";"2018-12-06";50360
"ATM6";"2018-12-07";46330
"ATM6";"2018-12-08";41920
"ATM6";"2018-12-09";14700
"ATM6";"2018-12-10";42960
"ATM6";"2018-12-11";32540
"ATM6";"2018-12-12";37870
"ATM6";"2018-12-13";67520
"ATM6";"2018-12-14";31530
"ATM6";"2018-12-15";38240
"ATM6";"2018-12-16";10110
"ATM6";"2018-12-17";62970
"ATM6";"2018-12-18";49130
"ATM6";"2018-12-19";53250
"ATM6";"2018-12-20";63600
"ATM6";"2018-12-21";61640
"ATM6";"2018-12-22";57350
"ATM6";"2018-12-23";19410
"ATM6";"2018-12-24";36250
"ATM6";"2018-12-25";4420
"ATM6";"2018-12-26";4710
"ATM6";"2018-12-27";20360
"ATM6";"2018-12-28";36270
"ATM6";"2018-12-29";36810
"ATM6";"2018-12-30";11590
"ATM6";"2018-12-31";39480
"ATM6";"2019-01-01";13530
"ATM6";"2019-01-02";37830
"ATM6";"2019-01-03";46160
"ATM6";"2019-01-04";43490
"ATM6";"2019-01-05";38230
"ATM6";"2019-01-06";7380
"ATM6";"2019-01-07";40350
"ATM6";"2019-01-08";31580
"ATM6";"2019-01-09";37760
"ATM6";"2019-01-10";36660
"ATM6";"2019-01-11";60490
"ATM6";"2019-01-12";33240
"ATM6";"2019-01-13";8040
"ATM6";"2019-01-14";43610
"ATM6";"2019-01-15";32850
"ATM6";"2019-01-16";35560
"ATM6";"2019-01-17";48990
"ATM6";"2019-01-18";55300
"ATM6";"2019-01-19";41760
"ATM6";"2019-01-20";6560
"ATM6";"2019-01-21";40860
"ATM6";"2019-01-22";20600
"ATM6";"2019-01-23";39490
"ATM6";"2019-01-24";42840
"ATM6";"2019-01-25";34910
"ATM6";"2019-01-26";48970
"ATM6";"2019-01-27";17330
"ATM6";"2019-01-28";37770
"ATM6";"2019-01-29";48940
"ATM6";"2019-01-30";37300
"ATM6";"2019-01-31";40460
"ATM6";"2019-02-01";46300
"ATM6";"2019-02-02";33220
"ATM6";"2019-02-03";12730
"ATM6";"2019-02-04";40680
"ATM6";"2019-02-05";52920
"ATM6";"2019-02-06";48260
"ATM6";"2019-02-07";50250
"ATM6";"2019-02-08";59960
"ATM6";"2019-02-09";45700
"ATM6";"2019-02-10";24660
"ATM6";"2019-02-11";54980
"ATM6";"2019-02-12";39410
"ATM6";"2019-02-13";37770
"ATM6";"2019-02-14";42270
"ATM6";"2019-02-15";53570
"ATM6";"2019-02-16";28470
"ATM6";"2019-02-17";17480
"ATM6";"2019-02-18";48260
"ATM6";"2019-02-19";34750
"ATM6";"2019-02-20";30540
"ATM6";"2019-02-21";31260
"ATM6";"2019-02-22";43400
"ATM6";"2019-02-23";28640
"ATM6";"2019-02-24";7250
"ATM6";"2019-02-25";30520
"ATM6";"2019-02-26";40940
"ATM6";"2019-02-27";38970
"ATM6";"2019-02-28";72480
"ATM6";"2019-03-01";55310
"ATM6";"2019-03-02";57460
"ATM6";"2019-03-03";23480
"ATM6";"2019-03-04";26500
"ATM6";"2019-03-05";50940
"ATM6";"2019-03-06";46720
"ATM6";"2019-03-07";49230
"ATM6";"2019-03-08";59470
"ATM6";"2019-03-09";42940
"ATM6";"2019-03-11";22900
"ATM6";"2019-03-12";41900
"ATM6";"2019-03-13";32400
"ATM6";"2019-03-14";32430
"ATM6";"2019-03-15";49900
"ATM6";"2019-03-16";47330
"ATM6";"2019-03-17";15300
"ATM6";"2019-03-18";33340
"ATM6";"2019-03-19";38630
"ATM6";"2019-03-20";32180
"ATM6";"2019-03-21";41400
"ATM6";"2019-03-22";48130
"ATM6";"2019-03-23";40010
"ATM6";"2019-03-24";6910
"ATM6";"2019-03-25";58540
"ATM6";"2019-03-26";45740
"ATM6";"2019-03-27";26960
"ATM6";"2019-03-28";46390
"ATM6";"2019-03-29";64920
"ATM6";"2019-03-30";45040
"ATM6";"2019-03-31";700
"ATM6";"2019-04-01";300
"ATM6";"2019-04-02";11020
"ATM6";"2019-04-03";36870
"ATM6";"2019-04-04";36700
"ATM6";"2019-04-05";52130
"ATM6";"2019-04-06";39560
"ATM6";"2019-04-07";11810
"ATM6";"2019-04-08";44300
"ATM6";"2019-04-09";59340
"ATM6";"2019-04-10";51310
"ATM6";"2019-04-11";57290
"ATM6";"2019-04-12";57440
"ATM6";"2019-04-13";40910
"ATM6";"2019-04-14";8900
"ATM6";"2019-04-15";44900
"ATM6";"2019-04-16";42230
"ATM6";"2019-04-17";62150
"ATM6";"2019-04-18";56280
"ATM6";"2019-04-19";84450
"ATM6";"2019-04-20";41730
"ATM6";"2019-04-21";6520
"ATM6";"2019-04-22";17780
"ATM6";"2019-04-23";35500
"ATM6";"2019-04-24";5790
"ATM6";"2019-04-25";35310
"ATM6";"2019-04-26";51590
"ATM6";"2019-04-27";46450
"ATM6";"2019-04-28";5520
"ATM6";"2019-04-29";36430
"ATM6";"2019-04-30";69890
"ATM6";"2019-05-01";21740
"ATM6";"2019-05-02";47450
"ATM6";"2019-05-03";28090
"ATM6";"2019-05-04";49450
"ATM6";"2019-05-05";7260
"ATM6";"2019-05-06";57230
"ATM6";"2019-05-07";47540
"ATM6";"2019-05-08";40140
"ATM6";"2019-05-09";44870
"ATM6";"2019-05-10";50290
"ATM6";"2019-05-11";66430
"ATM6";"2019-05-12";12350
"ATM6";"2019-05-13";46220
"ATM6";"2019-05-14";47190
"ATM6";"2019-05-15";48080
"ATM6";"2019-05-16";47380
"ATM6";"2019-05-17";43410
"ATM6";"2019-05-18";49830
"ATM6";"2019-05-19";10680
"ATM6";"2019-05-20";42290
"ATM6";"2019-05-21";43000
"ATM6";"2019-05-22";24390
"ATM6";"2019-05-23";25580
"ATM6";"2019-05-24";49570
"ATM6";"2019-05-25";44510
"ATM6";"2019-05-26";2320
"ATM6";"2019-05-27";42660
"ATM6";"2019-05-28";40130
"ATM6";"2019-05-29";40500
"ATM6";"2019-05-30";40020
"ATM6";"2019-05-31";62590
"ATM6";"2019-06-01";45860
"ATM6";"2019-06-02";12670
"ATM6";"2019-06-03";45200
"ATM6";"2019-06-04";51400
"ATM6";"2019-06-05";43160
"ATM6";"2019-06-06";40000
"ATM6";"2019-06-07";60560
"ATM6";"2019-06-08";44600
"ATM6";"2019-06-09";15010
"ATM6";"2019-06-10";52960
"ATM6";"2019-06-11";44530
"ATM6";"2019-06-12";31070
"ATM6";"2019-06-13";41030
"ATM6";"2019-06-14";39740
"ATM6";"2019-06-15";9000
"ATM6";"2019-06-16";4420
"ATM6";"2019-06-17";32530
"ATM6";"2019-06-18";35750
"ATM6";"2019-06-19";38800
"ATM6";"2019-06-20";9930
"ATM6";"2019-06-21";36620
"ATM6";"2019-06-22";32440
"ATM6";"2019-06-23";2990
"ATM6";"2019-06-24";31340
"ATM6";"2019-06-25";24060
"ATM6";"2019-06-26";33890
"ATM6";"2019-06-27";37160
"ATM6";"2019-06-28";22710
"ATM6";"2019-06-29";22350
"ATM6";"2019-06-30";22730
"ATM6";"2019-07-01";21660
"ATM6";"2019-07-02";16010
"ATM6";"2019-07-03";8970
"ATM6";"2019-07-04";20880
"ATM6";"2019-07-05";19320
"ATM6";"2019-07-06";25110
"ATM6";"2019-07-07";14850
"ATM6";"2019-07-08";33250
"ATM6";"2019-07-09";39560
"ATM6";"2019-07-10";36620
"ATM6";"2019-07-11";39870
"ATM6";"2019-07-12";48890
"ATM6";"2019-07-13";42290
"ATM6";"2019-07-14";14250
"ATM6";"2019-07-15";29490
"ATM6";"2019-07-16";41630
"ATM6";"2019-07-17";41040
"ATM6";"2019-07-18";39030
"ATM6";"2019-07-19";26450
"ATM6";"2019-07-20";39160
"ATM6";"2019-07-21";15580
"ATM6";"2019-07-22";37610
"ATM6";"2019-07-23";33830
"ATM6";"2019-07-24";29340
"ATM6";"2019-07-25";42130
"ATM6";"2019-07-26";48360
"ATM6";"2019-07-27";34910
"ATM6";"2019-07-28";25640
"ATM6";"2019-07-29";39540
"ATM6";"2019-07-30";38220
"ATM6";"2019-07-31";54750
"ATM6";"2019-08-01";47650
"ATM6";"2019-08-02";41060
"ATM6";"2019-08-03";41710
"ATM6";"2019-08-04";7340
"ATM6";"2019-08-05";47980
"ATM6";"2019-08-06";34820
"ATM6";"2019-08-07";48800
"ATM6";"2019-08-08";54340
"ATM6";"2019-08-09";44240
"ATM6";"2019-08-10";49520
"ATM6";"2019-08-11";17410
"ATM6";"2019-08-12";38790
"ATM6";"2019-08-13";49810
"ATM6";"2019-08-14";47720
"ATM6";"2019-08-15";6220
"ATM6";"2019-08-16";50590
"ATM6";"2019-08-17";26820
"ATM6";"2019-08-18";19910
"ATM6";"2019-08-19";47300
"ATM6";"2019-08-20";38480
"ATM6";"2019-08-21";36020
"ATM6";"2019-08-22";27030
"ATM6";"2019-08-23";35960
"ATM6";"2019-08-24";32210
"ATM6";"2019-08-25";11110
"ATM6";"2019-08-26";28180
"ATM6";"2019-08-27";47620
"ATM6";"2019-08-28";36810
"ATM6";"2019-08-29";43090
"ATM6";"2019-08-30";60720
"ATM6";"2019-08-31";50810
"ATM6";"2019-09-01";21360
"ATM6";"2019-09-02";53720
"ATM6";"2019-09-03";43690
"ATM6";"2019-09-04";44300
"ATM6";"2019-09-05";56690
"ATM6";"2019-09-06";62010
"ATM6";"2019-09-07";37870
"ATM6";"2019-09-08";9650
"ATM6";"2019-09-09";55740
"ATM6";"2019-09-10";60070
"ATM6";"2019-09-11";48730
"ATM6";"2019-09-12";49980
"ATM6";"2019-09-13";54550
"ATM6";"2019-09-14";43920
"ATM6";"2019-09-15";8520
"ATM6";"2019-09-16";48030
"ATM6";"2019-09-17";31250
"ATM6";"2019-09-18";42090
"ATM6";"2019-09-19";37760
"ATM6";"2019-09-20";44640
"ATM6";"2019-09-21";44810
"ATM6";"2019-09-22";2970
"ATM6";"2019-09-23";41910
"ATM6";"2019-09-24";36400
"ATM6";"2019-09-25";24310
"ATM6";"2019-09-26";62970
"ATM6";"2019-09-27";63780
"ATM6";"2019-09-28";54290
"ATM6";"2019-09-29";12950
"ATM6";"2019-09-30";47870
"ATM6";"2019-10-01";53740
"ATM6";"2019-10-02";39910
"ATM6";"2019-10-03";43100
"ATM6";"2019-10-04";53020
"ATM6";"2019-10-05";51150
"ATM6";"2019-10-06";25350
"ATM6";"2019-10-07";33110
"ATM6";"2019-10-08";40730
"ATM6";"2019-10-09";44250
"ATM6";"2019-10-10";54860
"ATM6";"2019-10-11";47350
"ATM6";"2019-10-12";65980
"ATM6";"2019-10-13";18380
"ATM6";"2019-10-14";5440
"ATM6";"2019-10-15";41260
"ATM6";"2019-10-16";30920
"ATM6";"2019-10-17";32750
"ATM6";"2019-10-18";43690
"ATM6";"2019-10-19";36480
"ATM6";"2019-10-20";11190
"ATM6";"2019-10-21";33370
"ATM6";"2019-10-22";33400
"ATM6";"2019-10-23";36160
"ATM6";"2019-10-24";31580
"ATM6";"2019-10-25";39350
"ATM6";"2019-10-26";52420
"ATM6";"2019-10-27";7040
"ATM6";"2019-10-28";27950
"ATM6";"2019-10-29";48450
"ATM6";"2019-10-30";54870
"ATM6";"2019-10-31";57150
